﻿Name,Position,Company,Education,Location,URL
"
            David Yeiser
          ","
            Freelance designer and developer
          ",DavidYeiserCo.,UniversityofLouisville,"Louisville,Kentucky",https://www.linkedin.com/in/david-yeiser-95b86711b/
"
            Travis Hendrix
          ","
            Salesforce Technical Architect and Developer
          ",Self-Employed,BrighamYoungUniversity,"Lehi,Utah",https://www.linkedin.com/in/travis-hendrix/
"
            Nick Coronado
          ","
            Cofounder and Developer at Nebulus Audio
          ",NebulusAudio,CarnegieMellonUniversity,"Pittsburgh,Pennsylvania",https://www.linkedin.com/in/nick-coronado-75311a57/
"
            Steve Webster
          ","
            G Suite Sr Solutions Architect and Developer at SW gApps
          ",SWgApps,,"Lakeland,Florida",https://www.linkedin.com/in/steve-webster-374b5554/
"
            Cassidy Williams
          ","
            Instructor and Developer at React Training
          ",ReactTraining,IowaStateUniversity,"Seattle,Washington",https://www.linkedin.com/in/cassidoo/
"
            Patrick McAvena
          ","
            Co-Founder and Developer at Moving Pieces Interactive
          ",MovingPiecesInteractive,ColumbiaCollegeChicago,"Brooklyn,NewYork",https://www.linkedin.com/in/patrick-mcavena-6574028/
"
            Andrew Couldwell
          ","
            Web designer & developer. Founder of Club of the Waves.
          ",RoomFive,TheUniversityofHuddersfield,GreaterLosAngelesArea,https://www.linkedin.com/in/roomfive/
"
            Kyle Sandstrom
          ","
            UI/UX Designer - Front End Developer
          ",,,"Rochester,Minnesota",https://www.linkedin.com/in/chebyrashka/
"
            J Forrest Development
          ","
            Best-in-class General Contractor
          ",,,"Stamford,Connecticut",https://www.linkedin.com/in/j-forrest-development-85528aaa/
"
            Thanassis Avgerinos
          ","
            Founder and Developer at ForAllSecure, Inc
          ","ForAllSecure,Inc",CarnegieMellonUniversity,"Pittsburgh,Pennsylvania",https://www.linkedin.com/in/thanassis-avgerinos-77b27816/
"
            Mohak Shah
          ","
            VP - AI and Machine Learning
          ",,,"SantaClara,California",https://www.linkedin.com/in/mohakshah1/
"
            Mark Palatucci
          ","
            Staff Research Scientist at Waymo
          ",Waymo,CarnegieMellonUniversity,"SanFrancisco,California",https://www.linkedin.com/in/markpalatucci/
"
            Andriy Burkov
          ","
            (Hiring!) ML at Gartner, author of The Hundred-Page Machine Learning Book
          ",Gartner,UniversitéLaval,"Quebec,Canada",https://www.linkedin.com/in/andriyburkov/?originalSubdomain=ca
"
            Ivan Zhou
          ","
            Machine Learning Engineer at Landing AI
          ",,,"PaloAlto,California",https://www.linkedin.com/in/ivanthinks/
"
            Sarah Hoffman
          ","
            VP, AI and Machine Learning Research  at Fidelity Investments
          ",FidelityInvestments,ColumbiaUniversityintheCityofNewYork,GreaterNewYorkCityArea,https://www.linkedin.com/in/sarahfhoffman/
"
            Preetham Vishwanatha
          ","
            Founder at Kena.AI ~ Artificial Intelligence and Machine Learning
          ",Kena.AI,BachelorofEngineering(ElectronicsandCommunication),"SanFrancisco,California",https://www.linkedin.com/in/vvpreetham/
"
            Moji (Mojtaba) Solgi
          ","
            VP of Engineering, Head of AI/ML | Ex-Uber, Microsoft, Toyota
          ",AmirkabirUniversityofTechnology-TehranPolytechnic,MichiganStateUniversity,"Seattle,Washington",https://www.linkedin.com/in/msolgi/
"
            Danny Lange
          ","
            VP of AI and Machine Learning at Unity Technologies
          ",UnityTechnologies,TechnicalUniversityofDenmark,SanFranciscoBayArea,https://www.linkedin.com/in/dannylange/
"
            Joel Kronander
          ","
            Engineering Manager at Nines - We're hiring!
          ",Apple,LinköpingUniversity,"PaloAlto,California",https://www.linkedin.com/in/joel-kronander/
"
            Mike Golub, SPC4
          ","
            Senior Vice President Analytics and Machine Learning at Anexinet
          ",QVC,DrexelUniversity,GreaterPhiladelphiaArea,https://www.linkedin.com/in/michael-golub/
"
            Ming Zhao
          ","
            Founder and Analyst at 86Research
          ",86Research,UniversityofPittsburgh,"Jing’anDistrict,Shanghai,China",https://www.linkedin.com/in/ming-zhao-65b01983/?originalSubdomain=cn
"
            Ian Rinehart
          ","
            Technology Researcher and Analyst
          ",MitsubishiCorporation,PomonaCollege,SanFranciscoBayArea,https://www.linkedin.com/in/ian-rinehart-0217b118/
"
            Thomas Glaessner
          ","
            Strategist and Analyst
          ",GaveaInvestimentos,UniversityofVirginia,WashingtonD.C.MetroArea,https://www.linkedin.com/in/thomas-glaessner-94320322/
"
            Christopher Perry, CFA
          ","
            Portfolio Manager and Analyst
          ","1919InvestmentCounsel,LLC",VillanovaUniversity,GreaterPhiladelphiaArea,https://www.linkedin.com/in/christopherperrycfa/
"
            Matthew Choi
          ","
            Partner and Analyst at Gobi Capital LLC
          ",GobiCapitalLLC,TheUniversityofChicago,SanFranciscoBayArea,https://www.linkedin.com/in/matthew-choi-991801143/
"
            Apurva Kenekar
          ","
            Research Manager And Analyst at Protobrand
          ",BentleyUniversity,BentleyUniversity-McCallumGraduateSchoolofBusiness,"Waltham,Massachusetts",https://www.linkedin.com/in/apurvakenekar/
"
            George Breen III
          ","
            Balyasny Prop Trader and Analyst
          ",BalyasnyAssetManagementL.P.,UniversityofMaryland-RobertH.SmithSchoolofBusiness,"Houston,Texas",https://www.linkedin.com/in/georgebreeniii/
"
            Butedi Nzolani
          ","
            Political and Analyst Officer at UNDP/Resident Coordinator Office
          ",UNDP/ResidentCoordinatorOffice,UniversityofPretoria/UniversiteitvanPretoria,Madagascar,https://www.linkedin.com/in/butedi-nzolani-973b7821/
"
            Eugene I. Kobiako
          ","
            Multilingual International Young Professional
          ",AIRINC,UniversityofWashington,GreaterSeattleArea,https://www.linkedin.com/in/eugene-i-kobiako-2311ba30/
"
            Adam Taché
          ","
            .
          ",,,UnitedStates,https://www.linkedin.com/in/adamtache/
"
            Rakesh Roshan
          ","
            AEM Developer
          ",Cisco,,"Raleigh,NorthCarolina",https://www.linkedin.com/in/rakesh-roshan-926724124/
"
            Shreyas Karandikar
          ","
            Actively Looking for Contract or Contract to hire role
          ",Verizon,,"BaskingRidge,NewJersey",https://www.linkedin.com/in/shreyas-karandikar-720776174/
"
            Aruna Reddy
          ","
            AEM Developer at Microsoft
          ",Microsoft,AvanthiDegreeandPgCollege,GreaterSeattleArea,https://www.linkedin.com/in/aruna-reddy-a76b321a/
"
            Nishanth C.
          ","
            Sr. AEM Developer at Thomson Reuters
          ",ThomsonReuters,GITAMUniversity,"SaintPaul,Minnesota",https://www.linkedin.com/in/nishanth-c-75a29b10a/
"
            ashok kumar
          ","
            AEM Developer at Sapient
          ",TechMahindra,,"ChennaiArea,India",https://www.linkedin.com/in/ashok-kumar-3b142ab8/?originalSubdomain=in
"
            sai krishna
          ","
            AEM Developer at Blue Cross Blue Shield (BCBS)
          ",AETNA,,"Houston,TexasArea",https://www.linkedin.com/in/sai-krishna-991a90187/
"
            Brandy  Jacqueline Smith(In the Market, Contract Ending Remote Roles)
          ","
            AEM Developer contact number 404-808-2338
          ",Consultant/Independent,WaldenUniversity,"Atlanta,Georgia",https://www.linkedin.com/in/brandy-jacqueline-smith-in-the-market-contract-ending-remote-roles-458880121/
"
            Venkateswara Reddy TR
          ","
            AEM(Adobe Experience Manager) Developer.
          ",PeakActivity,KentStateUniversity,"BoyntonBeach,Florida",https://www.linkedin.com/in/venkatrtr/
"
            Ankur Taneja
          ","
            Senior AEM Developer at Adobe
          ",Adobe,BMIET,"Gurgaon,Haryana,India",https://www.linkedin.com/in/ankur-taneja-b70ba653/?originalSubdomain=in
"
            Yashwanth R
          ","
            Looking actively for Remote position in AEM Developer/Administration. AEM Certified Expert | Aws Certified Developer
          ",AT&T,JNTUHCollegeofEngineeringHyderabad,Dallas/FortWorthArea,https://www.linkedin.com/in/yashwanth-r-b08115167/
"
            Michael Goldberg
          ","
            Helping Sales Producers Grow Their Business Through Networking 💪 🏆
          ",,,GreaterNewYorkCityArea,https://www.linkedin.com/in/megoldberg/
"
            Michael Trombly
          ","
            Seeking New opportunities and adventures
          ",CorporateTechnologiesLLC,UniversityofMassachusettsDartmouth,"Boise,IdahoArea",https://www.linkedin.com/in/michael-trombly-b8b9a92a/
"
            James K.
          ","
            Director, Security and Networking at Huron
          ",MayerBrown,UniversityofIllinoisatChicago,"Chicago,Illinois",https://www.linkedin.com/in/jk012182/
"
            John Perevich
          ","
            IT Systems, Networks, & Security Manager
          ",StateUniversityofNewYorkCollegeatBrockport,St.JohnFisherCollege,"Spencerport,NewYork",https://www.linkedin.com/in/john-perevich-7ab273b3/
"
            Al Leach
          ","
            Assistant Director of IT (Information Security and Networking lead) at Alston & Bird LLP
          ",RAREHospitalityInternational,GeorgiaInstituteofTechnology,"Atlanta,Georgia",https://www.linkedin.com/in/alleach/
"
            AZAHARUDDIN MOHAMMED
          ","
            network admin at hardware and networking
          ",hardwareandnetworking,,"HyderabadArea,India",https://www.linkedin.com/in/azaharuddin-mohammed-82267825/
"
            Teresa Thomas
          ","
            Catalyst for energizing uplifting connections | Speaker, facilitator and author of 50 Fun Things and Win/Win Networking
          ",Teresa-Thomas.com,UniversityofMinnesota,"Minneapolis,Minnesota",https://www.linkedin.com/in/superconnector/
"
            Allen Schwerdt
          ","
            Information Technology Directorate and Networking at U.S. Army Network Enterprise Technology Command
          ",U.S.ArmyNetworkEnterpriseTechnologyCommand,,"Augusta,Georgia",https://www.linkedin.com/in/allen-schwerdt-98114b50/
"
            Susan R Leff
          ","
            Inside Sales Representative at Spectrum Enterprise
          ",,,"Largo,Florida",https://www.linkedin.com/in/susan-r-leff-15baa531/
"
            John Greiner
          ","
            Sr. Account Executive - Cloud Security and Networking at VMware
          ",VMware,UniversityofGeorgia-TerryCollegeofBusiness,"Duluth,Georgia",https://www.linkedin.com/in/jrgreiner/
"
            and ui
          ","
            a at Steria
          ",Steria,,"NoidaArea,India",https://www.linkedin.com/in/and-ui-5a629428/?trk=people_directory&originalSubdomain=in
"
            Chris Peterson
          ","
            UX and UI Design Consultant
          ","ChrisPetersonDesign,LLC",UniversityofColoradoBoulder,SanFranciscoBayArea,https://www.linkedin.com/in/chrispetersondesign/
"
            Dhiraj S
          ","
            Lead UX and UI Designer at RADAR108
          ",RADAR108,TheUniversityofTexasatDallas,Dallas/FortWorthArea,https://www.linkedin.com/in/dhirajfx/
"
            Neal Behrendt
          ","
            Web Developer
          ",Contract,WhittierCollege,"SanDiego,California",https://www.linkedin.com/in/neal-behrendt-55948515/
"
            Aubrey Russell
          ","
            Co-Founder and UI/UX Designer at BizeeGroup
          ",BizeeGroup,GrandCanyonUniversity,"Sacramento,CaliforniaArea",https://www.linkedin.com/in/aubrey-russell-92a568178/
"
            Joshua Smith
          ","
            Director of UI/UX at Vertex Inc.
          ",,,"Ephrata,Pennsylvania",https://www.linkedin.com/in/uxsmith/
"
            Charlie Greenman
          ","
            Founder and UI / Compiler Architect at Razroo
          ",Razroo,HoustonCommunityCollege,"Flushing,NewYork",https://www.linkedin.com/in/charliegreenman/
"
            Elisabet Pardo UX and UI Designer
          ","
            UX/UI Design & Brand Design Lead, Europe en Tricel
          ",Kingstons'sFamily,InstitutoInternacionaldeMarketing.IIMN,Ireland,https://www.linkedin.com/in/elisabetpardo/?originalSubdomain=ie
"
            Magdalena Mardinian
          ","
            Visual and UI UX Designer at Xcalar, Inc.
          ","Xcalar,Inc.",SanJoseStateUniversity,"Sunnyvale,California",https://www.linkedin.com/in/magdalena-mardinian-8a278911a/
"
            Ruzanna Asryan
          ","
            Graphic and UX/UI Designer 
          ","Freelance,self-employed",YerevanStateAcademyofFineArts,Armenia,https://www.linkedin.com/in/ruzanna-asryan-665132b2/
"
            Cliff Rusnak
          ","
            Executive Recruiter and Manager-Engineering and Manufacturing
          ",,,"Chicago,Illinois",https://www.linkedin.com/in/cliffrusnak/
"
            Allyson Carine
          ","
            Executive Director and Manager of Documentation Group at Nomura
          ",Nomura,TheCatholicUniversityofAmerica,"NewYork,NewYork",https://www.linkedin.com/in/allyson-carine-14843b5/
"
            Trevor Pollack
          ","
            Program Officer and Manager of Special Projects, Barr Foundation
          ",ChristChurchCambridge,NortheasternUniversity,GreaterBostonArea,https://www.linkedin.com/in/twpollack/
"
            Yi Liu
          ","
            Tech Lead and Manager at Moveworks (We're Hiring)
          ",Moveworks,MichiganStateUniversity,SanFranciscoBayArea,https://www.linkedin.com/in/yi-liu-60284970/
"
            Mike Ozatalar
          ","
            Vice President and Manager of Engineering &Construction at Parsons Federal
          ",ParsonsFederal,UniversityofSouthernCalifornia,WashingtonD.C.MetroArea,https://www.linkedin.com/in/mike-ozatalar-1663b135/
"
            Ed Burghard
          ","
            Creator of the Strengthening Brand America Project - I help economic developers understand how to brand communities.
          ","TheBurghardGroup,LLC",SyracuseUniversity,"Loveland,Ohio",https://www.linkedin.com/in/edburghard/
"
            Greg Manfredi
          ","
            Assistant General Manager and Manager of NAD CPDS at SSAB
          ",TMKIPSCO,XavierUniversity,"GulfBreeze,Florida",https://www.linkedin.com/in/greg-manfredi-89bb5923/
"
            Alberta Bailey
          ","
            Manager, Service Segment and Manager, Operations at Hewlett-Packard Enterprise
          ",CompaqComputerCorporation,KennesawStateUniversity,GreaterAtlantaArea,https://www.linkedin.com/in/alberta-bailey-8531412b/
"
            Brian Hansen
          ","
            Direct Distribution at Liberty Mutual Insurance
          ",,ThunderbirdSchoolofGlobalManagement,Dallas/FortWorthArea,https://www.linkedin.com/in/brian-hansen-93898b17/
"
            Ozzie Gallo
          ","
            VP, Controller and Manager of Government Accounting at Parsons
          ",JacobsEngineering,,GreaterLosAngelesArea,https://www.linkedin.com/in/ozzie-gallo-2b2aa43/
"
            RON GUDYKA ~ Software Engineer and Tester
          ","
            Reliably Develop~Transform~Test~Maintain Application Software for the Champion Enterprise
          ",STATEOFWASHINGTON-DEPT.OFLICENSING,TheEvergreenStateCollege,GreaterSeattleArea,https://www.linkedin.com/in/rongudyka/
"
            Addvocate Testing
          ","
            Code Monkey at Addvocate
          ",Addvocate,"UniversityofCalifornia,SantaCruz","SanFrancisco,California",https://www.linkedin.com/in/addvocate-testing-a461158a/
"
            Rebecca Benson
          ","
            Software Developer and Tester at CGI
          ",CGI,UniversityofSurrey,"Leatherhead,Surrey,UnitedKingdom",https://www.linkedin.com/in/rebecca-benson-64825499/?originalSubdomain=uk
"
            Zandra Berkobein
          ","
            QA Tester at JPMorgan Chase
          ",JPMorganChase,,"Tampa/St.Petersburg,FloridaArea",https://www.linkedin.com/in/zandra-berkobein-9b245018/
"
            Christopher Ashley
          ","
            Electrical Engineer and Tester at Process Control Corporation
          ",,ITTTechnicalInstitute-Duluth,"Atlanta,Georgia",https://www.linkedin.com/in/christopher-ashley-37a260103/
"
            Joshua Monaghan
          ","
            Software Developer and Tester at State Farm ®
          ",CharlesSchwab,ArizonaStateUniversity,"Chandler,Arizona",https://www.linkedin.com/in/joshua-monaghan/
"
            Mike Jones
          ","
            assembler and tester at caterpiller
          ",caterpiller,,GreaterChicagoArea,https://www.linkedin.com/in/mike-jones-38040027/
"
            Julia Hodges
          ","
            Software QA Test Manager, and Tester
          ",ViolinSystems,B.S.ComputerScience/PartialM.S.,"ColoradoSprings,Colorado",https://www.linkedin.com/in/julia-hodges-b559aa9/
"
            Gayathri Nandyala
          ","
            Software Quality Assurance Engineer and Tester at Tata Consultancy Services
          ",TataConsultancyServices,K.S.R.MCollegeofEngineering,"Pittsburgh,Pennsylvania",https://www.linkedin.com/in/gayathri-nandyala-a55206102/
"
            Rodney McClain
          ","
            Field Installation and Tester at YPSG Inc
          ",YPSGInc,UniversityofMarylandCollegePark,"Anderson,Indiana",https://www.linkedin.com/in/rodney-mcclain-29543047/
"
            William Heiden
          ","
            Chief Executive Officer and Director
          ",AMAGPharmaceuticals,CornellJohnsonGraduateSchoolofManagement,GreaterBostonArea,https://www.linkedin.com/in/wheiden/
"
            Roger Stone
          ","
            Deputy Assistant to the President and Director of Information Technology
          ",TheWhiteHouse,WebsterUniversity,"Washington,DistrictOfColumbia",https://www.linkedin.com/in/roger-stone-276245a/
"
            Grace Colón
          ","
            Biotechnology Executive, Board Director and Entrepreneur
          ",InCardaTherapeutics,MassachusettsInstituteofTechnology,"LosGatos,California",https://www.linkedin.com/in/gracecolon/
"
            Eric Ueland
          ","
            Assistant to the President and Director of the Office of Legislative Affairs at President Donald J. Trump
          ",PresidentDonaldJ.Trump,UniversityofSanFrancisco,"Washington,DistrictOfColumbia",https://www.linkedin.com/in/eric-ueland-0a13506/
"
            Andrei Iancu
          ","
            Under Secretary of Commerce for Intellectual Property and Director of the United States Patent and Trademark Office
          ",USPTO,UCLASchoolofLaw,GreaterLosAngelesArea,https://www.linkedin.com/in/andrei-iancu-1032677/
"
            George Beebe
          ","
            Vice President and Director of Studies at Center for the National Interest
          ",BehaviorMatrix,UniversityofVirginia,WashingtonD.C.MetroArea,https://www.linkedin.com/in/george-beebe-20580114/
"
            Brooks Rainwater
          ","
            Senior Executive and Director, Center for City Solutions at National League of Cities
          ",,,"Washington,DistrictOfColumbia",https://www.linkedin.com/in/brooksrainwater/
"
            John Wilson
          ","
            Vice President and Director of Corporate Engagement at Calvert Research and Management
          ",CalvertResearchandManagement,ColumbiaUniversityintheCityofNewYork,"WhitePlains,NewYork",https://www.linkedin.com/in/john-wilson-78a15b7/
"
            Lynn Olson
          ","
            Vice President And Director NCLG Programmable Solutions Engineering Malaysia and India
          ",UniversitiMalaysiaPerlis,SanJoseStateUniversity,"LosGatos,California",https://www.linkedin.com/in/lynn-olson-6731a916/
"
            Charlene Ness Miraglia
          ","
            Principal and Director of Human Resources at CannonDesign
          ",ColumbusMcKinnon,UniversityofMinnesota-CarlsonSchoolofManagement,"Buffalo/Niagara,NewYorkArea",https://www.linkedin.com/in/charlenemiraglia/
"
            Dharmesh Shah
          ","
            Founder and CTO at HubSpot
          ",HubSpot,MassachusettsInstituteofTechnology,GreaterBostonArea,https://www.linkedin.com/in/dharmesh/
"
            Dave Krupinski
          ","
            Co-Founder and CTO at Care.com, Inc.
          ",Care.com,INSEAD,GreaterBostonArea,https://www.linkedin.com/in/davekrupinski/
"
            Neha Narkhede
          ","
            Co-founder and CTO, Confluent
          ",Confluent,GeorgiaInstituteofTechnology,SanFranciscoBayArea,https://www.linkedin.com/in/nehanarkhede/
"
            Ram Kumar Rengaswamy
          ","
            CoFounder and CTO at Beeswax
          ",BeeswaxIO,"UniversityofCalifornia,LosAngeles","NewYork,NewYork",https://www.linkedin.com/in/ramrengaswamy/
"
            Grant Goodale
          ","
            Founder and CTO at Convoy
          ",ConvoyInc,CornellUniversity,"Seattle,Washington",https://www.linkedin.com/in/ggoodale/
"
            Narayanan (KK) Krishnakumar
          ","
            VP and CTO at Delta Air Lines
          ",DeltaAirLines,BabsonCollege,GreaterBostonArea,https://www.linkedin.com/in/krishnakumarkk/
"
            Roger Kjensrud
          ","
            Co-founder and CTO at Impact
          ",Impact,UCSantaBarbara,"SantaBarbara,CaliforniaArea",https://www.linkedin.com/in/maxrog/
"
            Paulo Marques
          ","
            CTO at Feedzai - Hiring!
          ",Feedzai,CarnegieMellonUniversity,Other,https://www.linkedin.com/in/pjpmarques/
"
            Sri Ayyeppen
          ","
            President and CTO, Co-Founder
          ",Keste,UniversityofTexasatDallas,"Plano,Texas",https://www.linkedin.com/in/sriayyeppen/
"
            Steve Bailey
          ","
            VP R&D and CTO at Forterro
          ",Forterro,WashingtonUniversityinSt.Louis,"Austin,TexasArea",https://www.linkedin.com/in/steve-bailey-3b0531/
