,created_time,actions,instagram_eligibility,id,message_tags,place
0,2019-11-10T05:34:07+0000,"[{'name': 'Comment', 'link': 'https://www.facebook.com/997108187302740/posts/984196908593868'}, {'name': 'Like', 'link': 'https://www.facebook.com/997108187302740/posts/984196908593868'}, {'name': 'Share', 'link': 'https://www.facebook.com/997108187302740/posts/984196908593868'}]",eligible,997108187302740_984196908593868,,
1,2019-11-10T04:57:30+0000,"[{'name': 'Comment', 'link': 'https://www.facebook.com/997108187302740/posts/984177911929101'}, {'name': 'Like', 'link': 'https://www.facebook.com/997108187302740/posts/984177911929101'}, {'name': 'Share', 'link': 'https://www.facebook.com/997108187302740/posts/984177911929101'}]",eligible,997108187302740_984177911929101,,
2,2019-11-08T18:43:05+0000,"[{'name': 'Comment', 'link': 'https://www.facebook.com/997108187302740/posts/982983382048554'}, {'name': 'Like', 'link': 'https://www.facebook.com/997108187302740/posts/982983382048554'}, {'name': 'Share', 'link': 'https://www.facebook.com/997108187302740/posts/982983382048554'}]",eligible,997108187302740_982983382048554,,
3,2019-11-01T19:27:24+0000,"[{'name': 'Comment', 'link': 'https://www.facebook.com/997108187302740/posts/976990715981154'}, {'name': 'Like', 'link': 'https://www.facebook.com/997108187302740/posts/976990715981154'}, {'name': 'Share', 'link': 'https://www.facebook.com/997108187302740/posts/976990715981154'}]",eligible,997108187302740_976990715981154,"[{'id': '369307640068946', 'name': 'Five Continents International Film Festival', 'type': 'page', 'offset': 254, 'length': 43}]",
4,2019-10-22T00:31:36+0000,"[{'name': 'Comment', 'link': 'https://www.facebook.com/997108187302740/posts/967641650249394'}, {'name': 'Like', 'link': 'https://www.facebook.com/997108187302740/posts/967641650249394'}, {'name': 'Share', 'link': 'https://www.facebook.com/997108187302740/posts/967641650249394'}]",ineligible_post_type,997108187302740_967641650249394,,
5,2019-10-22T00:30:44+0000,"[{'name': 'Comment', 'link': 'https://www.facebook.com/997108187302740/posts/967641056916120'}, {'name': 'Like', 'link': 'https://www.facebook.com/997108187302740/posts/967641056916120'}, {'name': 'Share', 'link': 'https://www.facebook.com/997108187302740/posts/967641056916120'}]",eligible,997108187302740_967641056916120,,
6,2019-10-21T19:34:51+0000,"[{'name': 'Comment', 'link': 'https://www.facebook.com/997108187302740/posts/967458153601077'}, {'name': 'Like', 'link': 'https://www.facebook.com/997108187302740/posts/967458153601077'}, {'name': 'Share', 'link': 'https://www.facebook.com/997108187302740/posts/967458153601077'}]",eligible,997108187302740_967458153601077,,
7,2019-09-14T05:46:07+0000,"[{'name': 'Comment', 'link': 'https://www.facebook.com/997108187302740/posts/938070079873218'}, {'name': 'Like', 'link': 'https://www.facebook.com/997108187302740/posts/938070079873218'}, {'name': 'Share', 'link': 'https://www.facebook.com/997108187302740/posts/938070079873218'}]",eligible,997108187302740_938070079873218,,
8,2019-09-07T20:48:03+0000,"[{'name': 'Comment', 'link': 'https://www.facebook.com/997108187302740/posts/933470203666539'}, {'name': 'Like', 'link': 'https://www.facebook.com/997108187302740/posts/933470203666539'}, {'name': 'Share', 'link': 'https://www.facebook.com/997108187302740/posts/933470203666539'}]",eligible,997108187302740_933470203666539,,
9,2019-09-07T19:31:22+0000,"[{'name': 'Comment', 'link': 'https://www.facebook.com/997108187302740/posts/933433900336836'}, {'name': 'Like', 'link': 'https://www.facebook.com/997108187302740/posts/933433900336836'}, {'name': 'Share', 'link': 'https://www.facebook.com/997108187302740/posts/933433900336836'}]",eligible,997108187302740_933433900336836,,
10,2019-08-16T07:17:01+0000,"[{'name': 'Comment', 'link': 'https://www.facebook.com/997108187302740/posts/918243955189164'}, {'name': 'Like', 'link': 'https://www.facebook.com/997108187302740/posts/918243955189164'}, {'name': 'Share', 'link': 'https://www.facebook.com/997108187302740/posts/918243955189164'}]",eligible,997108187302740_918243955189164,,
11,2019-08-07T04:10:06+0000,"[{'name': 'Comment', 'link': 'https://www.facebook.com/997108187302740/posts/912321629114730'}, {'name': 'Like', 'link': 'https://www.facebook.com/997108187302740/posts/912321629114730'}, {'name': 'Share', 'link': 'https://www.facebook.com/997108187302740/posts/912321629114730'}]",eligible,997108187302740_912321629114730,,
12,2019-07-15T17:23:34+0000,"[{'name': 'Comment', 'link': 'https://www.facebook.com/997108187302740/posts/897977047215855'}, {'name': 'Like', 'link': 'https://www.facebook.com/997108187302740/posts/897977047215855'}, {'name': 'Share', 'link': 'https://www.facebook.com/997108187302740/posts/897977047215855'}]",eligible,997108187302740_897977047215855,,
13,2019-07-13T03:55:47+0000,"[{'name': 'Comment', 'link': 'https://www.facebook.com/997108187302740/posts/896316547381905'}, {'name': 'Like', 'link': 'https://www.facebook.com/997108187302740/posts/896316547381905'}, {'name': 'Share', 'link': 'https://www.facebook.com/997108187302740/posts/896316547381905'}]",eligible,997108187302740_896316547381905,"[{'id': '200868617006228', 'name': 'Must Do Travels', 'type': 'page', 'offset': 40, 'length': 15}, {'id': '105580472810286', 'name': 'Door County, Wisconsin', 'type': 'page', 'offset': 56, 'length': 22}, {'id': '164012410424561', 'name': '#eagletrail', 'offset': 80, 'length': 11}, {'id': '2520108461373845', 'name': '#eagletrailwi', 'offset': 92, 'length': 13}, {'id': '229101007236476', 'name': '#doorcounty', 'offset': 106, 'length': 11}, {'id': '299521436845505', 'name': '#scenicbeauty', 'offset': 118, 'length': 13}, {'id': '624196667605703', 'name': '#scenicwisconsin', 'offset': 132, 'length': 16}]",
14,2019-05-14T16:42:13+0000,"[{'name': 'Comment', 'link': 'https://www.facebook.com/997108187302740/posts/856136398066587'}, {'name': 'Like', 'link': 'https://www.facebook.com/997108187302740/posts/856136398066587'}, {'name': 'Share', 'link': 'https://www.facebook.com/997108187302740/posts/856136398066587'}]",eligible,997108187302740_856136398066587,"[{'id': '429375293810385', 'name': '#actor', 'offset': 50, 'length': 6}, {'id': '158646170959989', 'name': '#actorslife', 'offset': 57, 'length': 11}, {'id': '421041801317203', 'name': '#film', 'offset': 69, 'length': 5}, {'id': '437795232967514', 'name': '#ootd', 'offset': 75, 'length': 5}, {'id': '335924286529161', 'name': '#style', 'offset': 81, 'length': 6}, {'id': '593532650676743', 'name': '#fashion', 'offset': 88, 'length': 8}]",
15,2019-04-29T16:36:29+0000,"[{'name': 'Comment', 'link': 'https://www.facebook.com/997108187302740/posts/847221982291362'}, {'name': 'Like', 'link': 'https://www.facebook.com/997108187302740/posts/847221982291362'}, {'name': 'Share', 'link': 'https://www.facebook.com/997108187302740/posts/847221982291362'}]",ineligible_unknown_error,997108187302740_847221982291362,"[{'id': '569428113076723', 'name': '#lasvegas', 'offset': 50, 'length': 9}, {'id': '302893076507944', 'name': '#welcometofabulouslasvegas', 'offset': 60, 'length': 26}, {'id': '130207023828169', 'name': '#vegasnightlife', 'offset': 87, 'length': 15}, {'id': '351164601659311', 'name': '#vegasstrip', 'offset': 103, 'length': 11}, {'id': '150866045082055', 'name': '#downtownlasvegas', 'offset': 115, 'length': 17}, {'id': '114683292053270', 'name': '#dreamcity', 'offset': 133, 'length': 10}, {'id': '591206747573491', 'name': '#citythatneversleeps', 'offset': 144, 'length': 20}, {'id': '498715600190285', 'name': '#whathappensinvegasstaysinvegas', 'offset': 165, 'length': 31}, {'id': '230305540428023', 'name': '#lasvegasnevada', 'offset': 197, 'length': 15}]",
16,2019-04-12T00:47:05+0000,"[{'name': 'Comment', 'link': 'https://www.facebook.com/997108187302740/posts/836802020000025'}, {'name': 'Like', 'link': 'https://www.facebook.com/997108187302740/posts/836802020000025'}, {'name': 'Share', 'link': 'https://www.facebook.com/997108187302740/posts/836802020000025'}]",eligible,997108187302740_836802020000025,,
17,2019-04-12T00:25:37+0000,"[{'name': 'Comment', 'link': 'https://www.facebook.com/997108187302740/posts/836793806667513'}, {'name': 'Like', 'link': 'https://www.facebook.com/997108187302740/posts/836793806667513'}, {'name': 'Share', 'link': 'https://www.facebook.com/997108187302740/posts/836793806667513'}]",ineligible_post_no_media,997108187302740_836793806667513,,
18,2019-04-11T23:47:22+0000,"[{'name': 'Comment', 'link': 'https://www.facebook.com/997108187302740/posts/836781993335361'}, {'name': 'Like', 'link': 'https://www.facebook.com/997108187302740/posts/836781993335361'}, {'name': 'Share', 'link': 'https://www.facebook.com/997108187302740/posts/836781993335361'}]",eligible,997108187302740_836781993335361,,
19,2019-03-28T19:08:07+0000,"[{'name': 'Comment', 'link': 'https://www.facebook.com/997108187302740/posts/828830510797176'}, {'name': 'Like', 'link': 'https://www.facebook.com/997108187302740/posts/828830510797176'}, {'name': 'Share', 'link': 'https://www.facebook.com/997108187302740/posts/828830510797176'}]",ineligible_media_dimension,997108187302740_828830510797176,"[{'id': '276487555816713', 'name': '#actors', 'offset': 147, 'length': 7}, {'id': '382057068568818', 'name': '#setlife', 'offset': 155, 'length': 8}, {'id': '301880686607056', 'name': '#movie', 'offset': 164, 'length': 6}, {'id': '146771405489301', 'name': '#dop', 'offset': 171, 'length': 4}]",
20,2019-03-04T23:24:52+0000,"[{'name': 'Comment', 'link': 'https://www.facebook.com/997108187302740/posts/815952995418261'}, {'name': 'Like', 'link': 'https://www.facebook.com/997108187302740/posts/815952995418261'}, {'name': 'Share', 'link': 'https://www.facebook.com/997108187302740/posts/815952995418261'}]",ineligible_video_length_for_stories_carousel,997108187302740_815952995418261,"[{'id': '252617901541031', 'name': '#losangeles', 'offset': 52, 'length': 11}, {'id': '351812564920182', 'name': '#universalstudioshollywood', 'offset': 64, 'length': 26}, {'id': '410694722359303', 'name': '#santamonicapier', 'offset': 91, 'length': 16}, {'id': '418633938227184', 'name': '#rodeodrive', 'offset': 108, 'length': 11}]",
21,2019-02-23T20:40:28+0000,"[{'name': 'Comment', 'link': 'https://www.facebook.com/997108187302740/posts/810884259258468'}, {'name': 'Like', 'link': 'https://www.facebook.com/997108187302740/posts/810884259258468'}, {'name': 'Share', 'link': 'https://www.facebook.com/997108187302740/posts/810884259258468'}]",eligible,997108187302740_810884259258468,,
22,2019-02-21T03:46:58+0000,"[{'name': 'Comment', 'link': 'https://www.facebook.com/997108187302740/posts/809343046079256'}, {'name': 'Like', 'link': 'https://www.facebook.com/997108187302740/posts/809343046079256'}, {'name': 'Share', 'link': 'https://www.facebook.com/997108187302740/posts/809343046079256'}]",eligible,997108187302740_809343046079256,"[{'id': '252617901541031', 'name': '#losangeles', 'offset': 39, 'length': 11}, {'id': '344095105691663', 'name': '#hollywoodsign', 'offset': 51, 'length': 14}, {'id': '268406736627085', 'name': '#griffithobservatory', 'offset': 66, 'length': 20}, {'id': '129909337188523', 'name': '#memoriesforlife', 'offset': 87, 'length': 16}]",
23,2019-02-16T06:53:04+0000,"[{'name': 'Comment', 'link': 'https://www.facebook.com/997108187302740/posts/806567426356818'}, {'name': 'Like', 'link': 'https://www.facebook.com/997108187302740/posts/806567426356818'}, {'name': 'Share', 'link': 'https://www.facebook.com/997108187302740/posts/806567426356818'}]",ineligible_post_no_media,997108187302740_806567426356818,,"{'id': '306625196088137', 'name': 'Los Angeles Airport Marriott', 'location': {'city': 'Los Angeles', 'country': 'United States', 'latitude': 33.946654561496, 'longitude': -118.38479412858, 'state': 'CA', 'street': '5855 West Century Boulevard', 'zip': '90045'}}"
24,2019-01-23T21:42:16+0000,"[{'name': 'Comment', 'link': 'https://www.facebook.com/997108187302740/posts/792723201074574'}, {'name': 'Like', 'link': 'https://www.facebook.com/997108187302740/posts/792723201074574'}, {'name': 'Share', 'link': 'https://www.facebook.com/997108187302740/posts/792723201074574'}]",ineligible_post_no_media,997108187302740_792723201074574,,"{'id': '99385385271', 'name': 'Hyatt Regency Santa Clara', 'location': {'city': 'Santa Clara', 'country': 'United States', 'latitude': 37.405168, 'longitude': -121.97659, 'state': 'CA', 'street': '5101 Great America Pkwy', 'zip': '95054'}}"
