timestamp,tweet_text,username,all_hashtags,followers_count
2019-11-28 04:18:03,"b'@demosisto Shame on#HKPoliceTerrorism #HKPoliceBrutality ,disband immediately.  #USA #UK #Germany #France @UNHumanRights #Japan #Taiwan @UNICEF #MeToo @UN @amnesty @amnestyusa #StandWithHongKong #FightForFreedom #FreedomOfSpeech #HongKongProtests #HKHumanRightsandDemocracyAct #FreeHK'",b'SingCha87430315',"['HKPoliceBrutality', 'USA', 'UK', 'Germany', 'France', 'Japan', 'Taiwan', 'MeToo', 'StandWithHongKong', 'FightForFreedom', 'FreedomOfSpeech', 'HongKongProtests', 'HKHumanRightsandDemocracyAct', 'FreeHK']",139
2019-11-28 04:17:23,"b""@sonamohapatra That's why I said this campaign is not against anu Malik or for #MeToo this is against @IndianIdol_11 now go on with your abuser rant...""",b'SthitaprajnaD',['MeToo'],669
2019-11-28 04:17:03,b'It took me 35 years to speak up. #csa #metoo #metoocsa https://t.co/3PtHlDsqsJ',b'elonawashington',"['csa', 'metoo', 'metoocsa']",1622
2019-11-28 04:16:18,"b'@LPlivinginLA @diam0ndindasky @whatsthetruth21 Myself, I don\xe2\x80\x99t know if MS is telling the truth. But you cannot be a #metoo activist but not believe AC victims.'",b'mrsgonzalez005',['metoo'],18
2019-11-28 04:15:01,b'Strong women can be victims of IPV too #istandwithmelissa #metoo \xe2\x9d\xa4\xef\xb8\x8f\xe2\x9d\xa4\xef\xb8\x8f\xe2\x9d\xa4\xef\xb8\x8f\xf0\x9f\x92\xaa\xf0\x9f\x8f\xbd\xf0\x9f\x92\xaa\xf0\x9f\x8f\xbd\xf0\x9f\x92\xaa\xf0\x9f\x8f\xbd https://t.co/l294oJid9Z',b'SWFLMom2020',"['istandwithmelissa', 'metoo']",1530
2019-11-28 04:15:01,"b""@KenGardner11 OK, you know what, no you don't get to say this crap.  The son of an ex-VP dodging child support for years, while his father seal clapped him about it, is exactly the shit #Metoo was supposed to be about.""",b'HonesTyus',['Metoo'],95
2019-11-28 04:14:55,"b'Are you now, or have you ever been, a victim of sexual abuse? I want to publish your story in my upcoming book, right alongside my own story. DM me your story. All submissions kept anonymous! #sexualabuse #metoo #sexabuse #victims #Survivor'",b'majenica',"['sexualabuse', 'metoo', 'sexabuse', 'victims', 'Survivor']",4470
2019-11-28 04:14:22,b'Here is my year in review  #2019 #YearInReview #myyear #MeToo #lookingforwardtonextyear   https://t.co/zNcO64ch0w',b'BurningReagan',"['YearInReview', 'myyear', 'MeToo', 'lookingforwardtonextyear']",64
2019-11-28 04:14:14,b'@MerleSmithJr @EyesOnQ @tami04527232 Me too #MeToo',b'LouPankey',['MeToo'],3928
2019-11-28 04:13:12,b'@MelissaBenoist Thank you for sharing your story. We absolutely need to support survivors of IPV \xe2\x9d\xa4\xef\xb8\x8f #metoo',b'SWFLMom2020',['metoo'],1530
2019-11-28 04:11:25,b'@StarPaparazzo @MyraLovesMusic @whatsthetruth21 It doesn\xe2\x80\x99t matter if she \xe2\x80\x9cthinks\xe2\x80\x9d the texts are fake. MS is a self proclaimed #metoo activist. MS is questioning if someone\xe2\x80\x99s story is true but blocks people that ask her questions! If we\xe2\x80\x99re to believe her truth (without evidence) she should do the same for AC victims!',b'mrsgonzalez005',['metoo'],18
2019-11-28 04:09:29,b'@DesignationSix @thedailybeast Extremely evil actions.   #MeToo  #TheResistance  #EnoughIsEnough',b'dubie1151',"['MeToo', 'TheResistance', 'EnoughIsEnough']",1603
2019-11-28 04:05:37,"b'@CarBombBoom13 @TheWHL @HockeyCanada Get some extra pink toques made for the hockey #metoo clowns, lots of hurt feelings'",b'waxman19662000',['metoo'],4316
2019-11-28 04:05:06,"b'@DrFrancoPhuket How many abortions has this chic had? Since WHEN does she care about children? She can\xe2\x80\x99t even get behind the #metoo movement because she too tight with Weinstein. GTFOH, Alissa.'",b'GangstaMonkey3',['metoo'],98
2019-11-28 04:03:35,b'\xe2\x80\x9cBrothers don\xe2\x80\x99t need to be working for white people especially in the #MeToo era\xe2\x80\x9d',b'WorriedBoutJr_',['MeToo'],1019
2019-11-28 04:02:41,b'@ericuman @PoMoMagazine Sounds like Trump and Sondland are brothers from another mother. Sexual predators stick together. #MeToo #LockThemUp',b'Mindful54',"['MeToo', 'LockThemUp']",51
2019-11-28 04:01:35,b'Ms. Sciorra is displaying incredible courage in this fight. I wish I could do more than tweet supportively. #MeToo #justice #crime #equality https://t.co/KOZtadjurz',b'VaughanPappy',"['MeToo', 'justice', 'crime', 'equality']",1308
2019-11-28 04:00:17,b'White Elephant gift? Donald Dont Grab  https://t.co/N5CqM00vRe  . .   #metoo #nevertrump  #whiteelephant #gift #present #books #book #gifts #gift #christmasgifts #holidays #trump https://t.co/Huyc6VxKc0',b'TrampDonaldj',"['metoo', 'nevertrump', 'whiteelephant', 'gift', 'present', 'books', 'book', 'gifts', 'gift', 'christmasgifts', 'holidays', 'trump']",6
2019-11-28 04:00:00,"b'The #MeToo movement, for all its merits, made little provision to help give a voice to Dalit women. #metooindia #intersectional @akshatakapoor12 https://t.co/PZSYJjOwwx'",b'myfairobserver',"['MeToo', 'metooindia', 'intersectional']",13422
2019-11-28 03:58:45,"b'I\xe2\x80\x99m sure the #MeToo movement, #AlyssaMilano #WomensMarch2020 @womensmarch and the #Democrats will be all over this!    Sondland accused of sexual misconduct by three women  https://t.co/K92fLS9KHR'",b'londonlaine',"['MeToo', 'AlyssaMilano', 'WomensMarch2020', 'Democrats']",823
2019-11-28 03:58:44,"b'I am thankful for other leaders in #metoo including the original, the queen, the leader @TaranaBurke as well as @LindseyKateR @LettreAudio @celestekidd @CantlonLab @lindsaymeyer and #amandaschmitt'",b'SamanthaCorbin',"['metoo', 'amandaschmitt']",1526
2019-11-28 03:56:55,b'@shaneharris @ManMet80 Thank you sir.  #MeToo  #TheResistance  #EnoughIsEnough',b'dubie1151',"['MeToo', 'TheResistance', 'EnoughIsEnough']",1603
2019-11-28 03:56:19,"b'@AaronLeuer @ChetLiberty #metoo , This man is guilty and must be removed before he does it again!'",b'Shortdo75823357',['metoo'],4830
2019-11-28 03:55:13,b'Another #MeToo violence against women wave in the Chinese-speaking world https://t.co/jCeambgRHt',b'maryma9966',['MeToo'],117
2019-11-28 03:54:15,"b""Fox #MeToo victims blast Hannity over 'sexual predator' Bill O'Reilly https://t.co/s4f83l9pXN""",b'kbierley',['MeToo'],251
2019-11-28 03:53:39,b'@helenaamcinnes @JaneCaro Hope you accepted the compliment graciously and didn\xe2\x80\x99t feel the need to regress to #MeToo protest. Accepting compliments graciously is becoming as much a lost art as is the giving of them it seems.',b'maven501',['MeToo'],110
2019-11-28 03:52:13,"b'@gigi__moreno As far as I\xe2\x80\x99m concerned, Paulies legacy was  sexually assaulting @theo_campbell91   #metoo #TimesUp https://t.co/QvUGsQAMH4'",b'JoeyOTR',"['metoo', 'TimesUp']",170
2019-11-28 03:52:06,"b""Any of us could have been #RuthGeorge. I don't think many men understand just how terrifying it is to be a young woman in our society. I am absolutely enraged for Ruth George and all of the women who have to fear her fate. #MeToo""",b'jeigenhauser',"['RuthGeorge', 'MeToo']",81
2019-11-28 03:49:41,b'@mccraw_birkie5 @MailOnline Where is #MeToo ??????',b'theonlysuebee',['MeToo'],8528
2019-11-28 03:47:24,b'@Youfailedtoo @bendreyfuss And do you really think the 1970s-1980s was better for women than right now? The #MeToo movement alone should quell that notion.',b'NRafter',['MeToo'],1383
2019-11-28 03:44:54,"b'@CarBombBoom13 Still trying to be relevant... Grow up you hypocrite. Hey #MeToo movement, Dan Carrillo just identified himself as a metoo movement member. He wants to join the fight.'",b'claykuncio',['MeToo'],23
2019-11-28 03:43:36,b'#istandwithmelissa #metoo #PAS emotional abuse and #mentalhealth trauma #ptsd',b'KaellumEridani',"['istandwithmelissa', 'metoo', 'PAS', 'mentalhealth', 'ptsd']",462
2019-11-28 03:41:32,b'My Mom Made Turkey Soup From The Turkey Bones Too. #metoo https://t.co/gFK2Ucwrqu',b'citizenyid',['metoo'],5243
2019-11-28 03:40:31,"b""Ladies, when preparing Thanksgiving dinner, don't forget to brew plenty of pots of this #MeToo blend, so you can enjoy dinner while watching your husbands' bladders explode. https://t.co/oA1smaaJRf""",b'olansoule',['MeToo'],487
2019-11-28 03:37:47,"b""It doesn't matter who or where and NO doesn't translate to YES/MAYBE. NO MEANS NO. #Day4 #orangetheworld #GenerationEquality #MeToo https://t.co/G0SGPgQUBC""",b'SSVKenya',"['Day4', 'orangetheworld', 'GenerationEquality', 'MeToo']",1315
2019-11-28 03:34:48,"b'not sure if I agree with this. Look at the impact the #metoo movement has had, for instance https://t.co/piMT62dE5X'",b'ellison_w1',['metoo'],8
2019-11-28 03:34:33,"b'Dammit Ambassador Sondland.   This is NOT your year, bro. #MeToo https://t.co/lNmOV4sfhy'",b'King_Of_Shade',['MeToo'],16599
2019-11-28 03:34:11,b'Why is gender equality essential for the progression of any society? https://t.co/yzFZJCgWYx  Please share your ideas/thoughts! #feminism #metoo https://t.co/3sINHZq1jI',b'AroundOMedia',"['feminism', 'metoo']",40821
2019-11-28 03:32:46,b'Michelin Stars And An Early \xe2\x80\x9cMe Too\xe2\x80\x9d Heroine - https://t.co/ucZcUUQPNe #metoo #timesup #news https://t.co/vmt4JGTMTV',b'metoozoo',"['metoo', 'timesup', 'news']",27
2019-11-28 03:26:47,"b'@mareshaw3 @613Tzigane @Devin_Heroux @CarBombBoom13 The good coaches are not the problem. This is the start of a conversation to out the bad ones. We don\'t need to ""out"" good coaches. This is the hockey/sport version of #metoo. We didn\'t write good stories about every movie director that were not perverts.'",b'tatatoothy19',['metoo'],13
2019-11-28 03:24:08,"b'@JackPosobiec @JackPosobiec obviously isn\xe2\x80\x99t paying attention. \xe2\x80\x9cAll the #metoo celebs\xe2\x80\x9d? That\xe2\x80\x99s a narrative for the #sheeple. It\xe2\x80\x99s not truthful, but when has that stopped Jack? He\xe2\x80\x99s just like @CNN'",b'Glue72',"['metoo', 'sheeple']",50
2019-11-28 03:23:09,b'ChillPolecat83 is bad men #MeToo #MeTooTrans https://t.co/BYkotJjiRH',b'userdegenerates',"['MeToo', 'MeTooTrans']",10
2019-11-28 03:23:09,"b""That's WHY we must #maketellingsafe for #Survivors #metoo #WhyIDidntReport https://t.co/Kpunuj9ZqJ https://t.co/qk5lGodXGA""",b'RenaRomano',"['maketellingsafe', 'Survivors', 'metoo', 'WhyIDidntReport']",1966
2019-11-28 03:19:22,b'@disneyhero323 #MeToo claims another Dem',b'HermanM36169986',['MeToo'],17112
2019-11-28 03:19:00,"b'Apparently @walmart has an entire section of their online store dedicated to pin-up girl art.  like, what? #MeToo  https://t.co/KbNRMAIUdI'",b'TampaBayAJ',['MeToo'],2307
2019-11-28 03:17:17,b'@T_S_P_O_O_K_Y @MailOnline #Metoo... right?',b'Mountaineer2013',['Metoo'],574
2019-11-28 03:15:15,b'Scarlett Johansson is a pedophile apologist but the #MeToo lynch mob and the blerd give her a pass for it because they\xe2\x80\x99re on code with white supremacy.  https://t.co/wn3LVuhOoo',b'JayBarney13',['MeToo'],682
2019-11-28 03:14:52,"b'Interesting that all these Liberals in the comments who Constantly tell us we should ""Believe Women"" simply because they make an accusation and their Gender; are suddenly talking about ""Weaponized #Metoo"" and ""Politicized Accusations"".  \xf0\x9f\xa4\x94\xf0\x9f\xa4\x94\xf0\x9f\xa4\x94\xf0\x9f\xa4\x94\xf0\x9f\xa4\x94\xf0\x9f\xa4\x94  Crazy right? https://t.co/zqjG5NrwVB'",b'RealSaleemJuma',['Metoo'],1753
2019-11-28 03:14:37,b'@RogueNotary @peanutnoir94 @PopulistAgenda @dpakman #MeToo  But sometimes he comes off elitist#aF',b'BadHombreMarcoB',['MeToo'],178
2019-11-28 03:14:20,"b'@propublica Interesting that all these Liberals in the comments who Constantly tell us we should ""Believe Women"" simply because they make an accusation and their Gender; are suddenly talking about ""Weaponized #Metoo"" and ""Politicized Accusations"".  \xf0\x9f\xa4\x94\xf0\x9f\xa4\x94\xf0\x9f\xa4\x94\xf0\x9f\xa4\x94\xf0\x9f\xa4\x94\xf0\x9f\xa4\x94  Crazy right?'",b'RealSaleemJuma',['Metoo'],1753
2019-11-28 03:12:24,"b'Uh, oh.... has Adam Schiff shill Gordon Sondland been a naughty boy?! \xf0\x9f\x98\xb1! #ImpeachmentDay #ImpeachingHearings #MeToo https://t.co/uPIErdKLDK'",b'lisa_studiom80',"['ImpeachmentDay', 'ImpeachingHearings', 'MeToo']",1255
2019-11-28 03:12:03,"b'@nytimes Ah, now comes #metoo into the Ukraine fray.'",b'dog884',['metoo'],347
2019-11-28 03:11:59,"b'@gholland04 @realDonaldTrump what kind of a qualifier is ""fundamentally""? What\'s the opposite? #MeToo'",b'Xx1745xX',['MeToo'],10926
2019-11-28 03:11:44,b'Somehow I doubt the liberal media and the #MeToo movement will care about this. https://t.co/fmOKc5PZuG',b'JpcCoffey',['MeToo'],1907
2019-11-28 03:11:18,b'@RealSaavedra i hope they ride the #metoo movement on this as much as they did on #Kavanaugh @VMaarku',b'Real_D_Wash',"['metoo', 'Kavanaugh']",77
2019-11-28 03:10:09,b'@OANN The #metoo movement has never been weaponized before...',b'Tilliespants',['metoo'],54
2019-11-28 03:08:58,"b""Bible, Gender, Sexuality: Reframing the Church's Debate on Same-Sex Relationships - https://t.co/ioS8jKCA2M #metoo #timesup #news https://t.co/O6gj2DYcRL""",b'metoozoo',"['metoo', 'timesup', 'news']",27
2019-11-28 03:08:55,"b'It takes #courage for one man to call out another, risking the aggression this can elicit. People can become aggressive when challenged to be accountable for their actions, but it must be done #WhiteRibbon #Leadership #harassment @SiLeadership #MeToo #AmINext @cindygallop https://t.co/aP8XYizde3'",b'ThomDennis',"['courage', 'WhiteRibbon', 'Leadership', 'harassment', 'MeToo', 'AmINext']",401
2019-11-28 03:08:52,"b""@therealEsq @netflix A better cast would be one that didn't include Deniro. The dude is an abusive piece of crap. Watch out for the next #MeToo - this guy likes children.""",b'drefanzor',['MeToo'],22523
2019-11-28 03:08:24,"b'Must have missed the vocal tweets from Mau, Marvelly, and the rest of the #MeToo crowd about the Labour camp guy being discharged without conviction....'",b'MadMaclegend',['MeToo'],592
2019-11-28 03:05:51,b'@survivorcbs @BostonRob @SandraDTwine #MeToo\xc2\xa0\xc2\xa0 movement karma-(Ishma). All the sexual assault game players out ... except for Dan and Lauren. Two more to go. Hang tight Janet. We love you! \xf0\x9f\x92\x95',b'Mel_V_1',['MeToo'],81
2019-11-28 03:05:15,b'@Hos_Tile @MarkBuran2 @mooose59 @joely_eh @DMRees2011 #MeToo. Same results. Color me disappointed. \xe2\x98\xb9\xef\xb8\x8f',b'packerzing',['MeToo'],251
2019-11-28 03:05:15,b'I\xe2\x80\x99m telling my kids Alice Cooper started the #MeToo Movement #riverdale https://t.co/ls7HcD1mZY',b'kaweisntworking',"['MeToo', 'riverdale']",243
2019-11-28 03:05:12,b'A great watch! The full interview in 2 parts: After #MeToo: Sam Bee &amp; Tarana Burke  https://t.co/YrTSUYh66i https://t.co/pCk60CcqOP via @YouTube',b'KRingelberg',['MeToo'],516
2019-11-28 03:03:02,"b""#MeToo Y'all eating with your abusers tomorrow? I have verbal abusers in my family I haven't passed potato salad to since Obama's first term. #LoveYourself""",b'DelValGal',"['MeToo', 'LoveYourself']",300
2019-11-28 03:02:52,b'Believe women!  #sondlandbombshell #MeToo https://t.co/3dmGcRXkPF',b'MrBillSD',"['sondlandbombshell', 'MeToo']",109
2019-11-28 03:00:34,"b'@nzherald https://t.co/CKuVDZ1Eel @Alisonmau is this not another example of a male sex predator getting away with criminal acts against women, this time at the @nzlabour youth camp. What do women have to do to be safe? Is @jacindaardern ignoring the plight of women? #MeToo'",b'wasapilot',['MeToo'],546
2019-11-28 03:00:30,"b'""The sexual harassment and assault going on against us women in the trucking industry has got to be addressed and something done about it! We need to work and be safe doing our jobs!""  @WomenTruckers #MeToo #TimesUp #VoicesOfSafety #OurRoads @FMCSA https://t.co/YG82sLKbhe'",b'teamcoworker',"['MeToo', 'TimesUp', 'VoicesOfSafety', 'OurRoads']",6360
2019-11-28 03:00:23,"b""#ThanksgivingEve It's a blessing to support and be supported by a candidate of integrity, honesty and consistency.  #Bernie2020 #MedicareForAll #ClimateAction #MeToo #LGBTQ #BlackLivesMatter #GreenNewDeal https://t.co/UPziJgDr1J""",b'mettahapa',"['ThanksgivingEve', 'Bernie2020', 'MedicareForAll', 'ClimateAction', 'MeToo', 'LGBTQ', 'BlackLivesMatter', 'GreenNewDeal']",1042
2019-11-28 02:57:22,b'Look forward to hearing jewels of insight tomorrow from Dr Gigi. Should be entertaining! A great female leader in medicine in Canada &amp; globally. #Leadership #WomenInMedicine #CMA #Diversity #MeToo #GenderEquality #PayEquity Women make a difference when given the opportunity.\xf0\x9f\x92\xaa\xf0\x9f\x91\x91 https://t.co/OOsmUT7mJc',b'sparkyb1',"['Leadership', 'WomenInMedicine', 'CMA', 'Diversity', 'MeToo', 'GenderEquality', 'PayEquity']",2819
2019-11-28 02:56:42,"b""@MrTroy_ Very good find. It's all very disgusting. I am really just waiting for Reed to get #MeToo'd now. I got all the time.""",b'VP_Advocacy',['MeToo'],1875
2019-11-28 02:56:17,b'Donar Carro - Donate Car -  https://t.co/Os9BiKsgKz  #BreastCancer #Mujer #Seno #nino #donacion #Deducci\xc3\xb3n #Impuesto #CancerMama #CancerSeno #Mom #Breast #Cancer #seeher #metoo #DonateCars #CarDonation #Moms #Mujeres #BreastCancerAwareness https://t.co/Hq9NLMCiBK',b'dutchessorg',"['BreastCancer', 'Mujer', 'Seno', 'nino', 'donacion', 'Deducción', 'Impuesto', 'CancerMama', 'CancerSeno', 'Mom', 'Breast', 'Cancer', 'seeher', 'metoo', 'DonateCars', 'CarDonation', 'Moms', 'Mujeres', 'BreastCancerAwareness']",1938
2019-11-28 02:56:16,b'Intimacy coordinators are becoming the norm in Hollywood thanks to #MeToo and TIME\xe2\x80\x99S UP \xe2\x80\x94 Here\xe2\x80\x99s how experts create safe working environments for actors filming nude or sex scenes https://t.co/EBQ3ALpx1P',b'TomthunkitsMind',['MeToo'],65072
2019-11-28 02:55:39,b'A #metoo movement is happening in the NHL...',b'bradley_kee',['metoo'],214
2019-11-28 02:55:07,"b'Finally! Yes, it is wrong &amp; A. Carter is not a man who should be ""White Knighting"" for any woman or man in the #Metoo movement. If you continue to stand by or behind him, then you are not an advocate for victims of Sexual Abuse - especially underaged ones. Period. https://t.co/heWrOTy8gR'",b'Sanity4243',['Metoo'],3239
2019-11-28 02:50:33,b'Hey @kausmickey any thoughts on how / why @algore was able to survive unscathed during #MeToo?   His recent media emergence suggests he thinks the wave is over.  https://t.co/RlhZEDADB2',b'PaulBro54225007',['MeToo'],4
2019-11-28 02:50:19,b'bottom to the very top.   Please #standwithus and help us get justice for the #Lovelltwins\xf0\x9f\x91\xad and #justice4ambrose  #everymindmatters  #MeToo  @MeTooMVMT  #mentalhealth  #AllLivesMatter  #corbyncarcrash  #BorisTheCoward',b'Michell55125993',"['standwithus', 'Lovelltwins', 'justice4ambrose', 'everymindmatters', 'MeToo', 'mentalhealth', 'AllLivesMatter', 'corbyncarcrash', 'BorisTheCoward']",119
2019-11-28 02:48:35,b'Political hashtags like #MeToo and #BlackLivesMatter make some people doubt the stories they\xe2\x80\x99re attached to: a warning to journalists about considering this just social media best practice for their stories https://t.co/JVjm5Xj9L0',b'SamGregory',"['MeToo', 'BlackLivesMatter']",8362
2019-11-28 02:46:43,b'@MrMikeBlake What\xe2\x80\x99s your comment on @donlemon\xe2\x80\x99s credible sexual assault allegations? Eye witnesses... #MeToo?  https://t.co/vTc0hyFm97',b'DustinHice',['MeToo'],75
2019-11-28 02:46:27,"b'#Sondland #MeToo Wow and disappointing. Not the sort of guy I would expect this from, per appearances at least - but then again he donated $1M to the Trompe campaign,... https://t.co/VO2LZTH42S'",b'Tyrannogenius',"['Sondland', 'MeToo']",2831
2019-11-28 02:45:32,b'@dcolonizehockey It\xe2\x80\x99s no different than all of the losers who said that #metoo would usher in some amazing new era where everyone would be respected and listened to',b'QueerSporting',['metoo'],538
2019-11-28 02:45:14,"b'@chick_canon @MrsVPayton @jason_inc71 @thelauracoates @donlemon @CNN @CNNTonight Hopefully, rehab... he gets drunk and sexually assaults people in the Hamptons. Multiple eye witnesses... he offered a six figure settlement too! #MeToo #hypocrites @CNN   https://t.co/vTc0hyFm97'",b'DustinHice',"['MeToo', 'hypocrites']",75
2019-11-28 02:44:55,b'#MeToo bitch! https://t.co/MtOVPKxJcS',b'caligalmags',['MeToo'],7037
2019-11-28 02:44:19,"b'\xe2\x80\xa2 5 Stars!""This story not only bears witness to what countless other women have gone through, but also offers a message of hope. Kellcey is a resilient young woman who is brave enough to speak her truth, face it, &amp; work to heal"" JG Macleod - #MeToo https://t.co/zi1KHzFR3t https://t.co/NNcXd33n1e'",b'book_tribe',['MeToo'],57747
2019-11-28 02:42:17,b'@tracybeanz @leslie_hileslie Hillary\xe2\x80\x99s MO. Always create a sexual assault accusation.  Mainly bc instead of blaming Bill for his bad behavior she tries to destroy those who speak truth. This \xe2\x80\x9cliberated\xe2\x80\x9d #MeToo female EVEN tried to destroy women Bill raped &amp; assaulted &amp; now whomever she can bc she LOST.',b'Hawksmagic',['MeToo'],655
2019-11-28 02:42:15,"b'@amymastrine Well, what do you expect? Women give mixed signals. Men are afraid to be accused of the many false/unfavorable accusations against them #MeToo action/reaction'",b'bip_ja',['MeToo'],221
2019-11-28 02:41:55,b'The #MeToo gang is everywhere. https://t.co/cgi2R8Q6gk',b'MarkJones_Books',['MeToo'],243
2019-11-28 02:41:19,b'@JackPosobiec So what #metoo celebs are you talking about or are you just making up things for responses',b'Plushplaxicuss',['metoo'],7
2019-11-28 02:41:01,"b""Believe all women! #MeToo #sondlandMeToo   Sondland denies report accusing him of sexual harassment, calling it 'fundamentally false' https://t.co/JpxZsV8vQq #FoxNews""",b'IAMDEPLORABLES',"['MeToo', 'sondlandMeToo', 'FoxNews']",173
2019-11-28 02:39:49,b'@canebug @Zimrico @CNN @MSNBC @washingtonpost @nytimes @brianstelter @JoeNBC @ChrisCuomo @chrislhayes @donlemon @wolfblitzer @maggieNYT @Lawrence @AC360 @KatyTurNBC @ABC @NBCNews They have a credibly accused sexual predator on the air.. truly disgusting people! #Hypocrites #MeToo @CNN @donlemon   https://t.co/vTc0hyFm97',b'DustinHice',"['Hypocrites', 'MeToo']",75
2019-11-28 02:39:48,"b'""#metoo is not a woman\'s movement"" (Tarana Burke) https://t.co/8kGuIPP51Y'",b'Wolfg46611072',['metoo'],2139
2019-11-28 02:39:44,"b'BLACK FRIDAY. Two most popular words this week. Sure, grabbing a good deal is more than fun, but stay alert on your online shopping spree. \xf0\x9f\x91\x89https://t.co/DUs0ScTde2  #VoteLabour #Aleviyim #MeToo #ImACeleb #BarcaBVB #lilaja #swfc #Adoptmetrades #TheApprentice #KurulusVakti https://t.co/td8rU9cVeX'",b'VPNMASTER17',"['VoteLabour', 'Aleviyim', 'MeToo', 'ImACeleb', 'BarcaBVB', 'lilaja', 'swfc', 'Adoptmetrades', 'TheApprentice', 'KurulusVakti']",19
2019-11-28 02:39:26,"b""Ethics of journalism: India's #MeToo movement champions are falling like a pack of cards with the recent revelations by the first guy who got accused. Buzzfeed India, whose staff was highly active at the time, has pretended that nothing is ... https://t.co/ZKZtnnlL1b via @reddit""",b'dmedialab',['MeToo'],18517
2019-11-28 02:38:46,"b""#MeToo Ontario, Canada Native Women's Association- Journey to Safe Spaces  https://t.co/oydC4ULeyH  Excerpt: Indigenous women and girls comprise a disproportionate number of those sexually exploited in Canada through human trafficking. Violence and fear are a constant part of""",b'PaganMediaBites',['MeToo'],836
2019-11-28 02:37:31,b'Men women and alcohol yes that can equal sexual misconduct and not just necessarily on the part of the men. More over whether or not this guy is guilty all he has been is accused. This is the USA where one is innocent until proven guilty. This is not France!! #MeToo https://t.co/mLabdvtUzh',b'geekiestwoman',['MeToo'],3903
2019-11-28 02:36:16,"b'Pastor\'s don\'t ""date"" their sheep. That idea was one of the more disturbing parts of the defense of #WesFeltner.  My thoughts at  @biblicalrecord  #churchtoo #sbctoo #MeToo   https://t.co/MF9ThISZs0  (re-post with working link)'",b'russ_meek',"['WesFeltner', 'churchtoo', 'sbctoo', 'MeToo']",4670
2019-11-28 02:35:29,"b'Horrible writing on show #victorious @Nickelodeon S2: E13 \xe2\x80\x9cBlooptoroous\xe2\x80\x9d  Rex: \xe2\x80\x9cI might feel better if you were to kiss me.\xe2\x80\x9d Girl: \xe2\x80\x9cStop.\xe2\x80\x9d R: \xe2\x80\x9cU mean, \xe2\x80\x98go?\xe2\x80\x99\xe2\x80\x9d G: \xe2\x80\x9cNo.\xe2\x80\x9d R: \xe2\x80\x9cYou mean yes?\xe2\x80\x9d G: \xe2\x80\x9cI\xe2\x80\x99m serious!\xe2\x80\x9d R: \xe2\x80\x9cUr joking?\xe2\x80\x9d  My son\xe2\x80\x99s watching! Not funny! #metoo #rape #NoMeansNo'",b'shanelltsmith',"['victorious', 'metoo', 'rape', 'NoMeansNo']",630
2019-11-28 02:35:18,"b""If Williams Clinton can continue as President after his numerous sexual, why shouldn't Bill O'Reilly?  Fox #MeToo victims blast Hannity over 'sexual predator' Bill O'Reilly https://t.co/qKNeKwYJsj""",b'urhoruba',['MeToo'],158
2019-11-28 02:35:15,"b'Horrible writing on show #victorious @Nickelodeon S2: E13 \xe2\x80\x9cBlooptoroous\xe2\x80\x9d  Rex: \xe2\x80\x9cI might feel better if you were to kiss me.\xe2\x80\x9d Girl: \xe2\x80\x9cStop.\xe2\x80\x9d R: \xe2\x80\x9cU mean, \xe2\x80\x98go?\xe2\x80\x99\xe2\x80\x9d G: \xe2\x80\x9cNo.\xe2\x80\x9d R: \xe2\x80\x9cYou mean yes?\xe2\x80\x9d G: \xe2\x80\x9cI\xe2\x80\x99m serious!\xe2\x80\x9d R: \xe2\x80\x9cUr joking?\xe2\x80\x9d  My son\xe2\x80\x99s watching! Not funny! #metoo #rape #NoMeansNo'",b'shanellconsults',"['victorious', 'metoo', 'rape', 'NoMeansNo']",72
2019-11-28 02:34:46,b'@rykodon @thechrisbuskirk @SebGorka \xe2\x80\x9cWhite men are the biggest Terror threat to America\xe2\x80\x9d - @donlemon   While he sexually assaults white men in Sag Harbor. #MeToo @CNN   Eye witnesses! He offered a six figure settlement! #hypocrite!   https://t.co/vTc0hyFm97',b'DustinHice',"['MeToo', 'hypocrite']",75
