Created At,Username,Text
11/27/2019 19:43,kalilinux,@mambj2009 @Re4sonKernel OnePlus7
11/27/2019 18:37,kalilinux,"@dani_ruiz24 @Ready2Play31 @xfceofficial Si, if there are performance optimizations that would be nice to have plea… https://t.co/jqlUGdB7Pf"
11/27/2019 17:11,kalilinux,@TylerLeonhardt @steevdave @PoSH4Linux @matvelloso Thanks amigo! Will do for sure. If you can shake some trees and… https://t.co/N4Xs2TnieF
11/27/2019 16:59,kalilinux,"@steevdave @TylerLeonhardt @PoSH4Linux @matvelloso As Steev says, yes, we support it.

Currently, we are importing… https://t.co/sGb4oBHaky"
11/27/2019 16:14,kalilinux,"@slanicB No, XFCE only."
11/27/2019 16:13,kalilinux,"A few people have had issues with the terminal not showing up correct when running Kali 2019.4 in Virtual Box. 

If… https://t.co/qO5fHQIf2h"
11/27/2019 16:09,kalilinux,"@EBreeeen @TJ_Null Yes, thats the gnome desktop you are running. You have XFCE installed, but you are still running… https://t.co/yo8qc06h2Z"
11/27/2019 16:08,kalilinux,Does NetHunter + KeX + Kali Undercover == The best Windows Phone ever? https://t.co/ZrTgfpcjul
11/27/2019 15:49,kalilinux,@EBreeeen @TJ_Null You are likely still running the gnome desktop. Undercover mode works in the new XFCE based UI.
11/27/2019 14:54,kalilinux,@Slad3G XFCE is the default now.
11/27/2019 14:46,kalilinux,@KaanSKaradag @pruizen @offsectraining Thanks! Looking into this.
11/27/2019 14:42,kalilinux,@eSecHax0r Please hop on this bug report and provide information to help us track this down: https://t.co/MGsLRGLLDD
11/27/2019 14:40,kalilinux,"RT @dani_ruiz24: New #Kalilinux 2019.4 release with new @xfceofficial desktop and themes!! 🥳🥳

Find out all themes themes and designs:
http…"
11/27/2019 14:37,kalilinux,@TylerLeonhardt @matvelloso We are hoping to have it supported on all architectures before it becomes default. As w… https://t.co/SkGe9gEf74
11/27/2019 3:33,kalilinux,@Nl_l11L The git repo is open so you can contribute directly if you like. Change requests through git are super wel… https://t.co/ipvJiasRD4
11/27/2019 3:24,kalilinux,"@Nl_l11L Yeah, HIDPI is the biggest hit we are taking ATM. Its a compromise for sure, and I know the pain as it imp… https://t.co/J7Kh86MDJR"
11/27/2019 2:02,kalilinux,"@mttaggart Agreed! 

Its not flashy, but long term we hope the community participation it will drive will have more… https://t.co/ycAC5IHf36"
11/27/2019 0:40,kalilinux,"@DufferOverflow Multiple DE have always been a priority for us. We have our defaults, and we are proud of them, but… https://t.co/Zr94h6PR5y"
11/26/2019 23:41,kalilinux,"@iN127pkt Looks like you are not getting the new theme. If you want it, and not the old default XFCE one, try:

Fir… https://t.co/KwGBqTsacr"
11/26/2019 22:21,kalilinux,"@Dokuda Best to take this to the forums, but I believe the answer is yes by default the server only listens on localhost."
11/26/2019 22:12,kalilinux,"@RabidRoot @strappazon @rihanna Yes, depending on the card, and the kernel on your NetHunter device, etc. Its a bit… https://t.co/tg7a8uyxKt"
11/26/2019 21:26,kalilinux,"@pruizen @offsectraining Perfect! We will follow up. 

Bug reports like this are super helpful."
11/26/2019 20:37,kalilinux,@WolfFromPDX We have instructions on how to switch at https://t.co/R1WX4QEjxq
11/26/2019 20:22,kalilinux,"@pruizen @offsectraining Well thats obviously not optimal at all. 

Can you create a bug report on it? Also please… https://t.co/1LUgENS3Vr"
11/26/2019 19:24,kalilinux,"@SymbianSyMoh Any issues that come up from the update, please file bug reports on so we can follow up on them. As i… https://t.co/ql8Az9vgSJ"
11/26/2019 18:30,kalilinux,"@BlasterBoy31337 Yeah, we likely will change that one…

Just keeping you awake!"
11/26/2019 18:23,kalilinux,"@mcbazza @offsectraining Looking into that. Fix will be coming. Should be able to apt update in a bit.

Good catch."
11/26/2019 18:14,kalilinux,"@pry0cc @mr_blackcipher @TJ_Null Si. Remember from the initial e-mails, the OffSec PWK VM is put out by OffSec in s… https://t.co/wpmXNSc8Uk"
11/26/2019 18:00,kalilinux,"@strappazon @rihanna Well, with NetHunter and the KeX desktop, you could have both!"
11/26/2019 17:52,kalilinux,@TC_Johnson This release is just nuts. So many top tier items. The team really worked their butts off to wrap the year up strong.
11/26/2019 17:49,kalilinux,"@LinuxGuru25 @offsectraining It’s a cool idea. I like it. Putting resources into it, I dunno. But will keep it in m… https://t.co/yNBwxCOuIg"
11/26/2019 17:41,kalilinux,@pry0cc @mr_blackcipher @TJ_Null Its explained in your PWK e-mails. You do read those right?
11/26/2019 17:39,kalilinux,@pry0cc @mr_blackcipher @TJ_Null Thats the PWK VM you are downloading. Not the actual Kali images.
11/26/2019 17:30,kalilinux,"@dreadfuzz Change requests are welcome!

https://t.co/qZfoaOB3Be"
11/26/2019 17:06,kalilinux,@PettyHacks Turkey and shells!
11/26/2019 17:05,kalilinux,"@firefart In the long run, we may make other changes to allow more direct access. But the level of trust will have… https://t.co/mpkqtNdty4"
11/26/2019 17:04,kalilinux,"@firefart At this point we are still going to approve all changes. However, you can submit change requests for all… https://t.co/fSUimDRXBd"
11/26/2019 16:51,kalilinux,"@KLMonson Well, just for you we pushed it live."
11/26/2019 16:51,kalilinux,"We promised something awesome, so here you go! Kali 2019.4 is live! https://t.co/KpX98CMK7Q

New theme and desktop… https://t.co/b5kluTjPVV"
11/25/2019 17:03,kalilinux,"@Osiris2600 Nah, we will just release all the features all at once. Won’t drag it out."
11/25/2019 16:29,kalilinux,Keep your eyes open this week! We are starting up something awesome for everyone… https://t.co/LwpMVesez4
11/24/2019 1:26,kalilinux,"RT @ihackstuff: Thanks to our AMAZING friends at @offsectraining, the 2019 @kalilinux T-shirts are available for the last time this year. W…"
11/20/2019 13:51,kalilinux,@crlowell @Razer I would take this to the forum. Can’t really use twitter as a support forum.
11/16/2019 23:52,kalilinux,"@TeriRadichel File a bug report when that happens, and we can correct. If nothing is reported we can’t correct."
11/12/2019 5:33,kalilinux,@0x42424242 Nice!
11/11/2019 12:57,kalilinux,"Ok Kali people - What’s your favorite terminal that also supports ligatures? 

Asking for no reason! 😉"
11/6/2019 16:57,kalilinux,"@BradGroux @huertanix @offsectraining @whoismrrobot Well, you know: the quieter you become, the more you are able to hear."
11/6/2019 16:35,kalilinux,@huertanix @offsectraining We had this issue in the past with a system caching an old value. Weird if it is happeni… https://t.co/3c5FBQiFvV
11/5/2019 23:35,kalilinux,@no_hacker_name Thanks. Passed it off for the right people to look into this.
11/5/2019 22:47,kalilinux,@no_hacker_name This is a new one. Can you submit a bug report with screenshots of what you are encountering?
11/5/2019 8:56,kalilinux,RT @steevdave: @0xPhreak @thepine64 @kalilinux It actually arrived today. I have unpacked it and am taking it for a test spin with the defa…
11/4/2019 17:35,kalilinux,@CJandDarren Hit me at elwood at kali dot org
11/4/2019 17:06,kalilinux,@CJandDarren Volunteer help is always useful! Send us an e-mail.
11/1/2019 14:58,kalilinux,"@h3ll0w0rld123 @offsectraining @ExploitDB Really, I am not going to answer this just because you are being so annoy… https://t.co/wbirsWsDZO"
10/24/2019 13:50,kalilinux,@skreamsec @gitlab Great question! And we are working on docs for that at the moment. Hopefully will be published s… https://t.co/W0YYbxPTH4
10/24/2019 13:48,kalilinux,@chiefdan_254 We normally have them at conferences and live trainings we do. Which I realize might be hard for you… https://t.co/qtYzPG3o54
10/24/2019 3:49,kalilinux,@KashifTanwari3 https://t.co/PsPfjHrXcr
10/24/2019 2:20,kalilinux,"RT @echt_0: A lot of times the answer to a lot of life's problems is to just ""try harder"". Programming is an exercise in not giving up. htt…"
10/23/2019 17:25,kalilinux,Here is looking at you kid. 👁 https://t.co/FXCiYK25A0
10/22/2019 5:26,kalilinux,@GYH85749889 Where did you download from? Did the MD5 match? How did you “load” it? Into what? What exactly was the… https://t.co/RBQW52UI2t
10/17/2019 20:04,kalilinux,@IronSec007 This is perfect for a bug report so it can be tracked.
10/16/2019 15:01,kalilinux,@IronSec007 Best to submit a bug report on this. The issue is resolved and this work around should not longer be ne… https://t.co/p6ab80zNMQ
10/9/2019 18:02,kalilinux,@Cyberhalogen Make sure you have an update to date apt update before you try an upgrade
10/9/2019 15:24,kalilinux,@Cyberhalogen https://t.co/oT1ASMByWy
10/8/2019 18:34,kalilinux,@IronSec007 Everything should be working smooth currently based on reports. I suggest taking the issue to the forums or the bug tracker.
10/8/2019 16:31,kalilinux,@greyhathackr If you could report via the https://t.co/Y7GFVDJTIS tracker that would be grand.
10/7/2019 14:15,kalilinux,@JAY_STRAWHATsh @ScapeGoat314 Ensure you try the work around documented in the bug tracker: https://t.co/D3dl8Ruqtn
10/7/2019 13:13,kalilinux,"@OthmanElhoufi @FrancoStefan0 @tagnullde @offsectraining Yes. Fresh install of kali, apt update, apt dist-upgrade,… https://t.co/A159FvPGxP"
10/6/2019 20:24,kalilinux,"Follow up to the gnome issue - https://t.co/D3dl8Ruqtn

After mirrors finish updating, all should be good to upgrad… https://t.co/XVFjK8Gv1H"
10/6/2019 18:07,kalilinux,"Looks like an upstream package from Debian is breaking gnome. Hold off updating until we can correct, or switch from GDM to lightdm first."
10/3/2019 19:31,kalilinux,"@theycallmeken Because after you update you are no longer on 2019.3. Don’t forget, kali is a rolling distro."
10/3/2019 3:07,kalilinux,@DonMark144 Reliability of the media and speed of I/O is likely the biggest thing.
10/1/2019 21:48,kalilinux,"@Mikes_Hacks We have a faq in use of the trademarks at https://t.co/KlhDBYv1nj 

If you have specific questions let… https://t.co/ZET9h0zjHX"
9/12/2019 19:39,kalilinux,@Flipp3rrr Will be replaced when we overhaul the bug tracker.
9/12/2019 19:35,kalilinux,"@Flipp3rrr If you already have flash installed, the captcha on the page will ask if you want to enable it so it can… https://t.co/3b716wy1WP"
9/12/2019 18:45,kalilinux,"@Flipp3rrr Likely best to create a bug report to work through this, as its not practical to do it via twitter. When… https://t.co/emiIc8Y3j8"
9/12/2019 18:27,kalilinux,@Flipp3rrr Have not seen that before! Not able to reproduce on this side either.
9/12/2019 3:22,kalilinux,"Microsoft updated the preview builds of Win10 to support WSL2 on ARM64 today. We tested Kali, and it’s working out… https://t.co/ScC1GdkRkV"
9/11/2019 0:38,kalilinux,@Cristian_Mro @raphaelhertzog We don’t due tech support via twitter for space reasons. You will want to either crea… https://t.co/QNQ3GPt4UD
9/10/2019 22:25,kalilinux,"@OneLogicalMyth A standard:

apt update &amp;&amp; apt -y full-upgrade

Will take care of it."
9/9/2019 22:15,kalilinux,"@iguarism I believe the fix you linked to is from before the fix was uploaded. Again, it’s 2019.3a that has the cor… https://t.co/ig4S0GMAu9"
9/9/2019 21:13,kalilinux,"@iguarism This should be corrected already. 2019.3a corrected the issue. 

Thanks!"
9/9/2019 13:48,kalilinux,"In case you missed it, Powershell was added to the Kali repo late last week.

Special thanks to @raphaelhertzog for… https://t.co/9JrOqHc3OK"
9/7/2019 14:09,kalilinux,@goncalor Will look into that. Thanks.
9/7/2019 0:04,kalilinux,"Yes, we have options!

Nice to have tools where you need them when you need them while doing an assessment.… https://t.co/NM03sWunOq"
9/6/2019 21:09,kalilinux,@EdsonCervantes_ Lol thats https://t.co/yJOeWYnx8j. You might see it show up in Kali sometime…
9/6/2019 20:21,kalilinux,"Oh, lets see what happens when we update Kali today… https://t.co/9Ei3Tg7uee"
9/6/2019 0:11,kalilinux,"@dfwdraco76 Well, it did match when you installed. But then you updated, and so you were no longer on that same ver… https://t.co/IYK1iqTeIV"
9/5/2019 23:42,kalilinux,"@dfwdraco76 Because you updated after installing, and Kali is a rolling distribution."
9/5/2019 12:21,kalilinux,@ThabisoRomeoTee Best to take that question to the forums really.
9/4/2019 12:54,kalilinux,@Night_H4nter @offsectraining There is limits to concurrent connections to prevent the servers from getting overwhe… https://t.co/71XOTaMRR2
9/4/2019 8:53,kalilinux,@SecuritySura @PankitThakkar There is a maximum number of concurrent open connections you can have to some mirrors.… https://t.co/ermnmhYPXY
9/4/2019 3:41,kalilinux,@chelsean507 @ps1loveuu We don’t do support on twitter. Best to take the error to the forums and get help there. Ap… https://t.co/8JC2V1EMW3
9/4/2019 0:21,kalilinux,@infenet Nice video.
9/3/2019 20:24,kalilinux,Heads for for Vagrant users - With the 2019.3 release the path to find Kali Vagrant is now https://t.co/71KtQadDwl.
9/3/2019 20:22,kalilinux,"@lumi_nougat Sorry, we moved the path for that. You can find it at https://t.co/71KtQadDwl now."
9/3/2019 19:23,kalilinux,@SecuritySura @PankitThakkar Torrents are being pushed right now. We just did not want to hold up the release waiti… https://t.co/COJCspczp2
9/2/2019 20:56,kalilinux,@ps1loveuu Changes are coming. Just not here yet.
9/2/2019 20:06,kalilinux,"So who needs a 2019.3 Kali release? Get it while it’s hot!

https://t.co/BXg9oY2SKc"
8/31/2019 0:08,kalilinux,@WSLUser Not at this point. Honestly we have not delved deep enough in there to really have an opinion on that.
11/27/2019 21:06,exist_you,"RT @HeshmatAlavi: Najaf, S #Iraq
Images of security forces beaten by Iraqi protesters during the raid on the Iranian regime's consulate.
Me…"
11/27/2019 21:06,shsoab,"RT @HeshmatAlavi: #BREAKING
Najaf, S #Iraq
Iraqi protesters are seen torching the Iranian regime's consulate. Reports indicate the Iranian…"
11/27/2019 21:06,attorneynana,"RT @TheToddSchulte: ICYMI last night - Federal judge bars at 35% cut to overall immigration levels, citing """"The president offers no nation…"
11/27/2019 21:06,ElectionBabe,"RT @GossiTheDog: Prosegur, a worldwide security company with ~170,000 staff members, has had a security incident of some kind and has shut…"
11/27/2019 21:06,Ande54775986Bob,"Hunter Biden’s China connections plagued by ethics questions and national security concerns

https://t.co/KfLFbRmDlF"
11/27/2019 21:06,missb62,"RT @nktpnd: Well, of course: Trump official who suggested dropping nuclear bombs on Afghanistan now responsible for arms control issues htt…"
11/27/2019 21:06,DickSundgren,RT @Securypto: The DigiSafeGuard app is out https://t.co/tk9KfWOK33 #journalist #freedom #bitcoin #securypto #android #security #btc #crypt…
11/27/2019 21:06,oceanerazzurro,"RT @BombshellDAILY: TRUMP BUDGET SLASHES MEDICARE &amp; SOCIAL SECURITY
Proposed 2020 budget has $1.5 Trillion in Medicare cuts, and $26 Billio…"
11/27/2019 21:06,Tino_Pham13,RT @ColeyMick: They had to put the security on this special item @TylerIAm https://t.co/ZKABD4vXCp
11/27/2019 21:06,FriendofAm,@vulgarspaceman @parscale @GOP @NRSC @NRCC Sorry my mistake- foreigners born in other countries who don’t speak Eng… https://t.co/NGr59pUf7U
11/27/2019 21:06,AberKed1,"RT @PeteForAmerica: This week, @PeteButtigieg sat down with Barb and Vicky, two women navigating our broken long-term services system. All…"
11/27/2019 21:06,fahad_maral,RT @salmanAraja: 'National security' has long been the excuse offered for the degradation of constitutional values _ from interference in e…
11/27/2019 21:06,CedricdeConing,"RT @OEForg: In partnership with the @UNPeacebuilding Office &amp; #PeaceNexus Foundation &amp; support from the @UN @globalcompact, we're happy to…"
11/27/2019 21:06,MissesMomoCakes,"RT @thehill: JUST IN: Justice Dept review to say Obama-era FBI didn't spy on Trump campaign, disproving Trump claims:report https://t.co/Ze…"
11/27/2019 21:06,rtehrani,"#Ryuk Ransomware Forces #Prosegur Security Firm to Shut Down Network https://t.co/53NmcocXyb

#Cybersecurity… https://t.co/JHSVDNFqTR"
