Name,Author,Price,Image,Rating
Fifty Shades of Grey: Book One of the Fifty...,E L James,$5.99  ,"https://images-na.ssl-images-amazon.com/images/I/810BkqRP%2BiL._AC_SR201,266_.jpg","34,741"
The Hunger Games (Book 1),Suzanne Collins,$8.79  ,"https://images-na.ssl-images-amazon.com/images/I/41ir9m8QQnL._AC_SR201,266_.jpg","25,448"
Catching Fire |Hunger Games|2,Suzanne Collins,$10.11  ,"https://images-na.ssl-images-amazon.com/images/I/71nxpYrA1bL._AC_SR201,266_.jpg","17,207"
StrengthsFinder 2.0,Tom Rath,$14.59  ,https://images-na.ssl-images-amazon.com/images/G/01/acs/ux/transparent.png,"3,735"
Mockingjay (Hunger Games),Suzanne Collins,$10.18  ,https://images-na.ssl-images-amazon.com/images/G/01/acs/ux/transparent.png,"20,720"
Fifty Shades Darker,E L James,$3.30  ,https://images-na.ssl-images-amazon.com/images/G/01/acs/ux/transparent.png,"15,900"
Fifty Shades Freed : Book Three of the Fifty...,E L James,$11.31  ,https://images-na.ssl-images-amazon.com/images/G/01/acs/ux/transparent.png,"15,560"
Gone Girl,Gillian Flynn,$9.99  ,https://images-na.ssl-images-amazon.com/images/G/01/acs/ux/transparent.png,"43,976"
The Help,Kathryn Stockett,$9.95  ,https://images-na.ssl-images-amazon.com/images/G/01/acs/ux/transparent.png,"10,154"
The Fault in Our Stars,John Green,$7.99  ,https://images-na.ssl-images-amazon.com/images/G/01/acs/ux/transparent.png,"37,699"
The Girl on the Train,Paula Hawkins,$7.23  ,https://images-na.ssl-images-amazon.com/images/G/01/acs/ux/transparent.png,"58,366"
Divergent (Divergent Series),J K Rowling,$7.29  ,https://images-na.ssl-images-amazon.com/images/G/01/acs/ux/transparent.png,"21,670"
Harry Potter and the Deathly Hallows (Book 7),Laura Hillenbrand,$10.49  ,https://images-na.ssl-images-amazon.com/images/G/01/acs/ux/transparent.png,"8,283"
Unbroken: A World War II Story of Survival...,R. J. Palacio,$11.99  ,https://images-na.ssl-images-amazon.com/images/G/01/acs/ux/transparent.png,"27,927"
Wonder,George R. R. Martin,$9.79  ,https://images-na.ssl-images-amazon.com/images/G/01/acs/ux/transparent.png,"13,381"
"A Game of Thrones (A Song of Ice and Fire, Book 1)",Liane Moriarty,$9.21  ,https://images-na.ssl-images-amazon.com/images/G/01/acs/ux/transparent.png,"10,180"
The Husband's Secret,Todd Burpo,$7.23  ,https://images-na.ssl-images-amazon.com/images/G/01/acs/ux/transparent.png,"19,244"
Who Moved My Cheese?: An Amazing Way to Deal...,Lynn Vincent,$7.91  ,https://images-na.ssl-images-amazon.com/images/G/01/acs/ux/transparent.png,"3,629"
Heaven is for Real: A Little Boy's Astounding...,F Scott Fitzgerald,$7.99  ,https://images-na.ssl-images-amazon.com/images/G/01/acs/ux/transparent.png,"14,369"
The Great Gatsby (Evergreens),Paula Hawkins,$15.57  ,https://images-na.ssl-images-amazon.com/images/G/01/acs/ux/transparent.png,353
The Girl on the Train,Gillian Flynn,$11.99  ,"https://images-na.ssl-images-amazon.com/images/I/A1P4Rlq9xvL._AC_SR201,266_.jpg","58,366"
Gone Girl,Kristin Hannah,$11.99  ,"https://images-na.ssl-images-amazon.com/images/I/81IgnYiW-6L._AC_SR201,266_.jpg","43,976"
The Nightingale: A Novel,John Green,$11.61  ,"https://images-na.ssl-images-amazon.com/images/I/5195k%2BWKsbL._AC_SR201,266_.jpg","39,200"
The Fault in Our Stars,E L James,$10.49  ,https://images-na.ssl-images-amazon.com/images/G/01/acs/ux/transparent.png,"37,699"
Fifty Shades of Grey: Book One of the Fifty...,Andy Weir,$26.95  ,https://images-na.ssl-images-amazon.com/images/G/01/acs/ux/transparent.png,"34,741"
The Martian: A Novel,Anthony Doerr,$19.43  ,https://images-na.ssl-images-amazon.com/images/G/01/acs/ux/transparent.png,"30,750"
All the Light We Cannot See,Laura Hillenbrand,$10.08  ,https://images-na.ssl-images-amazon.com/images/G/01/acs/ux/transparent.png,"28,916"
Unbroken : A World War II Story of Survival...,Mark Sullivan,$7.23  ,https://images-na.ssl-images-amazon.com/images/G/01/acs/ux/transparent.png,"27,927"
Beneath a Scarlet Sky: A Novel,Donna Tartt,$15.99  ,https://images-na.ssl-images-amazon.com/images/G/01/acs/ux/transparent.png,"27,392"
The Goldfinch: A Novel,Delia Owens,$16.22  ,https://images-na.ssl-images-amazon.com/images/G/01/acs/ux/transparent.png,"26,817"
The Hunger Games - Library Edition  ,Dan Brown,$76.40  ,https://images-na.ssl-images-amazon.com/images/G/01/acs/ux/transparent.png,"25,448"
Where the Crawdads Sing,Daniel James Brown,$9.51  ,https://images-na.ssl-images-amazon.com/images/G/01/acs/ux/transparent.png,"25,967"
Divergent Collector's Edition (Divergent Series),Suzanne Collins,$14.40  ,https://images-na.ssl-images-amazon.com/images/G/01/acs/ux/transparent.png,"21,670"
Inferno,Christina Baker Kline,$13.85  ,https://images-na.ssl-images-amazon.com/images/G/01/acs/ux/transparent.png,"21,067"
The Boys in the Boat: Nine Americans and Their...,Diana Gabaldon,$19.39  ,https://images-na.ssl-images-amazon.com/images/G/01/acs/ux/transparent.png,"21,119"
Mockingjay (The Hunger Games),Markus Zusak,$8.79  ,https://images-na.ssl-images-amazon.com/images/G/01/acs/ux/transparent.png,"20,720"
"BY Kline, Christina Baker ( Author )",Liane Moriarty,$28.49  ,https://images-na.ssl-images-amazon.com/images/G/01/acs/ux/transparent.png,"20,561"
"Outlander, 20th Anniversary Collector's Edition",Suzanne Collins,$21.99  ,https://images-na.ssl-images-amazon.com/images/G/01/acs/ux/transparent.png,"19,955"
The Book Thief (Anniversary Edition),Suzanne Collins,$15.22  ,https://images-na.ssl-images-amazon.com/images/G/01/acs/ux/transparent.png,"19,314"
The Husband's Secret,Suzanne Collins,$12.99  ,https://images-na.ssl-images-amazon.com/images/G/01/acs/ux/transparent.png,"19,244"
The Hunger Games (Book 1),John Green,$8.79  ,"https://images-na.ssl-images-amazon.com/images/I/41ir9m8QQnL._AC_SR201,266_.jpg","25,448"
Catching Fire (The Hunger Games),Veronica Roth,$10.29  ,"https://images-na.ssl-images-amazon.com/images/I/51IufOs4JTL._AC_SR201,266_.jpg","17,207"
Mockingjay (The Hunger Games),J K Rowling,$8.79  ,"https://images-na.ssl-images-amazon.com/images/I/41k66TFC43L._AC_SR201,266_.jpg","20,720"
The Fault in Our Stars,R. J. Palacio,$7.99  ,https://images-na.ssl-images-amazon.com/images/G/01/acs/ux/transparent.png,"37,699"
Divergent,Dr. Seuss,$11.39  ,https://images-na.ssl-images-amazon.com/images/G/01/acs/ux/transparent.png,"21,670"
Harry Potter and the Deathly Hallows (Book 7),Roger Priddy,$10.49  ,https://images-na.ssl-images-amazon.com/images/G/01/acs/ux/transparent.png,"8,283"
Wonder,Veronica Roth,$9.79  ,https://images-na.ssl-images-amazon.com/images/G/01/acs/ux/transparent.png,"13,381"
"Oh, the Places You'll Go!  ",Rob Elliott,$10.99  ,https://images-na.ssl-images-amazon.com/images/G/01/acs/ux/transparent.png,"4,745"
First 100 Words,Veronica Roth,$4.99  ,https://images-na.ssl-images-amazon.com/images/G/01/acs/ux/transparent.png,"8,187"
Insurgent (Divergent Series),Eric Carle,$10.74  ,https://images-na.ssl-images-amazon.com/images/G/01/acs/ux/transparent.png,"14,438"
Laugh-Out-Loud Jokes for Kids,Suzanne Collins,$4.99  ,https://images-na.ssl-images-amazon.com/images/G/01/acs/ux/transparent.png,"4,611"
